{"metadata":{"asset_id":"0588395c-5db6-416f-89a2-9e5e372ea697","asset_attributes":["data_asset"],"name":"m5_survey_data_technologies_normalised.csv","asset_type":"data_asset","created_at":"2023-11-23T16:33:55Z","origin_country":"us","owner_id":"IBMid-69700030AE","project_id":"5f83e83a-252d-44da-88c4-82e1b3554f19","size":4172595,"usage":{"last_update_time":1700757453575,"last_updated_at":"2023-11-23T16:37:33Z"}},"entity":{"data_asset":{"mime_type":"text/csv","dataset":false,"schema":{"etag":"\"9f42c66ef065482a77de5a9a0a249fcf\"","valid_since":"Thu, 23 Nov 2023 16:33:54 GMT","fields":[{"name":"Respondent","type":"integer","format":"default"},{"name":"LanguageWorkedWith","type":"string","format":"default"},{"name":"LanguageDesireNextYear","type":"string","format":"default"},{"name":"DatabaseWorkedWith","type":"string","format":"default"},{"name":"DatabaseDesireNextYear","type":"string","format":"default"},{"name":"PlatformWorkedWith","type":"string","format":"default"},{"name":"PlatformDesireNextYear","type":"string","format":"default"},{"name":"WebFrameWorkedWith","type":"string","format":"default"},{"name":"WebFrameDesireNextYear","type":"string","format":"default"},{"name":"DevEnviron","type":"string","format":"default"},{"name":"OpSys","type":"string","format":"default"},{"name":"Containers","type":"string","format":"default"},{"name":"BlockchainOrg","type":"string","format":"default"},{"name":"BlockchainIs","type":"string","format":"default"}]}},"location_definition":{"physical_location_code_assignment_method":"INFERRED","physical_location_code":"DAL","physical_location_code_assigned_by":"IBMid-69700030AE","physical_location_code_added_on":"1700752947048","physical_location_code_rds_version":"00002023-1123-4152-8224-457642000000_4","physical_location_code_rds_id":"c57cb90f-2126-3800-9c9f-9eab82021cdf"}},"attachments":[{"id":"5338288a-05c4-4e27-b358-49f0b3eff1b2","version":2,"asset_type":"data_asset","name":"m5_survey_data_technologies_normalised.csv","mime":"text/csv","datasource_type":"193a97c1-4475-4a19-b90c-295c4fdc6517","object_key":"m5_survey_data_technologies_normalised.csv","creator_id":"IBMid-69700030AE","create_time":1700757235871,"size":4172595,"is_remote":false,"is_managed":false,"is_referenced":true,"is_object_key_read_only":true,"is_user_provided_path_key":true,"transfer_complete":true,"is_partitioned":false,"complete_time_ticks":1700757235871,"user_data":{},"test_doc":0,"handle":{"bucket":"capstoneproject-donotdelete-pr-dr03vn9wszdoem","location":"us-south","type":"bluemix_cos","key":"m5_survey_data_technologies_normalised.csv","upload_id":"done","max_part_num":1},"usage":{"access_count":0,"last_accessor_id":"IBMid-69700030AE","last_access_time":1700757235871}}]}
